snapshot_id;local_id;evse_id;rede_id;potencia_informada_kW
carregados_rj_2026-09-22;773;8351840;1536.0;180.0
carregados_rj_2026-09-22;768;8352848;1536.0;
carregados_rj_2026-09-22;768;8352849;1536.0;
carregados_rj_2026-09-22;777;4742511;88.0;
carregados_rj_2026-09-22;777;4742512;88.0;
carregados_rj_2026-09-22;777;4742513;88.0;
carregados_rj_2026-09-22;778;26516;88.0;
carregados_rj_2026-09-22;4190;2400077;88.0;
carregados_rj_2026-09-22;728;26515;88.0;
carregados_rj_2026-09-22;4189;8355194;;
carregados_rj_2026-09-22;8525;8357705;1876.0;
carregados_rj_2026-09-22;5625;4740970;88.0;
carregados_rj_2026-09-22;5625;4740971;88.0;
carregados_rj_2026-09-22;804;8362282;1536.0;
carregados_rj_2026-09-22;4213;8364041;1146.0;
carregados_rj_2026-09-22;4213;8364042;1146.0;
carregados_rj_2026-09-22;4213;8364043;1146.0;
carregados_rj_2026-09-22;6556;8363918;1536.0;
carregados_rj_2026-09-22;6556;8363919;;
carregados_rj_2026-09-22;5026;8356149;1000000003.0;60.0
carregados_rj_2026-09-22;5026;8356151;1000000003.0;30.0
carregados_rj_2026-09-22;5026;8365379;1000000003.0;7.0
carregados_rj_2026-09-22;5026;8365380;1000000003.0;7.0
carregados_rj_2026-09-22;5026;8365381;1000000003.0;80.0
carregados_rj_2026-09-22;837;8348412;;
carregados_rj_2026-09-22;837;8348413;;
carregados_rj_2026-09-22;837;8348414;;
carregados_rj_2026-09-22;837;8348415;;
carregados_rj_2026-09-22;837;8348416;;
carregados_rj_2026-09-22;837;8348417;;
carregados_rj_2026-09-22;878;8363223;1146.0;
carregados_rj_2026-09-22;878;8363224;1146.0;
carregados_rj_2026-09-22;878;8363225;1146.0;
carregados_rj_2026-09-22;878;8363226;1146.0;
carregados_rj_2026-09-22;878;8363227;1146.0;
carregados_rj_2026-09-22;878;8363228;1146.0;
carregados_rj_2026-09-22;1325957;4181383;88.0;
carregados_rj_2026-09-22;1325957;4181384;88.0;
carregados_rj_2026-09-22;821;26518;88.0;
carregados_rj_2026-09-22;8992;8353588;1536.0;
carregados_rj_2026-09-22;8502;2403973;88.0;
carregados_rj_2026-09-22;8502;2726542;88.0;
carregados_rj_2026-09-22;8502;7881793;88.0;
carregados_rj_2026-09-22;8502;8364146;88.0;
carregados_rj_2026-09-22;4150;17035;88.0;60.0
carregados_rj_2026-09-22;1113;8354902;;
carregados_rj_2026-09-22;1113;8354903;;
carregados_rj_2026-09-22;9233;8358105;1876.0;
carregados_rj_2026-09-22;9233;8358106;1876.0;
carregados_rj_2026-09-22;4097;4273066;88.0;
carregados_rj_2026-09-22;4097;4273067;88.0;
carregados_rj_2026-09-22;4097;7754458;88.0;
carregados_rj_2026-09-22;4097;7754459;88.0;
carregados_rj_2026-09-22;1076;7866534;1651.0;30.0
carregados_rj_2026-09-22;1076;7866535;1651.0;7.0
carregados_rj_2026-09-22;5719;8362700;1718.0;120.0
carregados_rj_2026-09-22;831;26519;;
carregados_rj_2026-09-22;831;26521;;
carregados_rj_2026-09-22;831;26522;;
carregados_rj_2026-09-22;831;2576927;88.0;
carregados_rj_2026-09-22;831;5545245;88.0;
carregados_rj_2026-09-22;1122;8356207;99991.0;30.0
carregados_rj_2026-09-22;10125;8355894;1718.0;120.0
carregados_rj_2026-09-22;10125;8355895;1718.0;
carregados_rj_2026-09-22;1098;954210;88.0;
carregados_rj_2026-09-22;1098;954211;88.0;
carregados_rj_2026-09-22;1098;954212;88.0;
carregados_rj_2026-09-22;1098;954213;88.0;
carregados_rj_2026-09-22;1098;1979680;88.0;
carregados_rj_2026-09-22;1057;8359291;;22.0
carregados_rj_2026-09-22;1057;8359292;;
carregados_rj_2026-09-22;1057;8359293;;
carregados_rj_2026-09-22;1057;8359294;;
carregados_rj_2026-09-22;1057;8359295;;
carregados_rj_2026-09-22;1057;8359296;;
carregados_rj_2026-09-22;4298;8362640;;
carregados_rj_2026-09-22;4162;17036;88.0;
carregados_rj_2026-09-22;4162;17037;88.0;
carregados_rj_2026-09-22;4162;17038;88.0;
carregados_rj_2026-09-22;4162;17039;88.0;
carregados_rj_2026-09-22;4162;17040;88.0;
carregados_rj_2026-09-22;4162;17041;88.0;
carregados_rj_2026-09-22;4162;17042;88.0;
carregados_rj_2026-09-22;4162;17043;88.0;
carregados_rj_2026-09-22;4162;8365265;88.0;
carregados_rj_2026-09-22;10560;8358323;1273.0;
carregados_rj_2026-09-22;10560;8358324;1273.0;
carregados_rj_2026-09-22;10560;8358325;1273.0;
carregados_rj_2026-09-22;10560;8358326;1273.0;
carregados_rj_2026-09-22;10560;8358327;1273.0;
carregados_rj_2026-09-22;10560;8358328;1273.0;
carregados_rj_2026-09-22;10560;8358329;1273.0;
carregados_rj_2026-09-22;10560;8358330;1273.0;
carregados_rj_2026-09-22;10560;8358331;1273.0;
carregados_rj_2026-09-22;10560;8358332;1273.0;
carregados_rj_2026-09-22;10560;8358333;1273.0;
carregados_rj_2026-09-22;767;8355955;1536.0;180.0
carregados_rj_2026-09-22;767;8355956;1536.0;7.0
carregados_rj_2026-09-22;767;8355957;1536.0;7.0
carregados_rj_2026-09-22;5681;8362184;1651.0;
carregados_rj_2026-09-22;5681;8362185;1651.0;
carregados_rj_2026-09-22;7271;4728347;100005.0;
carregados_rj_2026-09-22;1566918;4728396;100005.0;60.0
carregados_rj_2026-09-22;888;8360459;;
carregados_rj_2026-09-22;888;8360460;;
carregados_rj_2026-09-22;888;8360461;;
carregados_rj_2026-09-22;888;8360462;;
carregados_rj_2026-09-22;834;8360902;;
carregados_rj_2026-09-22;834;8360903;;
carregados_rj_2026-09-22;834;8360904;;
carregados_rj_2026-09-22;834;8360905;;
carregados_rj_2026-09-22;834;8360906;;
carregados_rj_2026-09-22;834;8360907;;
carregados_rj_2026-09-22;1019;8361879;1637.0;
carregados_rj_2026-09-22;1679059;8353577;1718.0;
carregados_rj_2026-09-22;4483;4744859;88.0;
carregados_rj_2026-09-22;4483;4744860;88.0;
carregados_rj_2026-09-22;4483;4744861;88.0;
carregados_rj_2026-09-22;4225;8358566;;
carregados_rj_2026-09-22;4225;8358567;;
carregados_rj_2026-09-22;1119;8363616;;7.0
carregados_rj_2026-09-22;1119;8363617;;7.0
carregados_rj_2026-09-22;1119;8363618;;7.0
carregados_rj_2026-09-22;1119;8363619;;7.0
carregados_rj_2026-09-22;1119;8363620;;7.0
carregados_rj_2026-09-22;164818;242470;88.0;
carregados_rj_2026-09-22;164818;242471;88.0;
carregados_rj_2026-09-22;164818;242472;88.0;
carregados_rj_2026-09-22;164818;242473;88.0;
carregados_rj_2026-09-22;164818;2542181;88.0;
carregados_rj_2026-09-22;8298;4258159;88.0;
carregados_rj_2026-09-22;8298;4258160;88.0;
carregados_rj_2026-09-22;8298;4258161;88.0;
carregados_rj_2026-09-22;164804;242455;88.0;
carregados_rj_2026-09-22;1129;8363713;1825.0;22.0
carregados_rj_2026-09-22;1129;8363714;1825.0;
carregados_rj_2026-09-22;1129;8363715;1825.0;
carregados_rj_2026-09-22;5849;8358630;1651.0;
carregados_rj_2026-09-22;5849;8365572;1651.0;
carregados_rj_2026-09-22;8501;8157209;88.0;
carregados_rj_2026-09-22;8501;8362768;88.0;
carregados_rj_2026-09-22;1107;8353430;1718.0;
carregados_rj_2026-09-22;1107;8353431;1718.0;
carregados_rj_2026-09-22;1107;8353432;1718.0;
carregados_rj_2026-09-22;1107;8353433;1718.0;
carregados_rj_2026-09-22;884846;8360918;1465.0;
carregados_rj_2026-09-22;884846;8360919;1465.0;
carregados_rj_2026-09-22;736;4606865;1963.0;
carregados_rj_2026-09-22;736;4606866;1963.0;
carregados_rj_2026-09-22;736;4606867;1963.0;
carregados_rj_2026-09-22;736;4606868;1963.0;
carregados_rj_2026-09-22;4105;8361210;;
carregados_rj_2026-09-22;4105;8361211;;
carregados_rj_2026-09-22;818;8363598;;
carregados_rj_2026-09-22;818;8363599;;
carregados_rj_2026-09-22;802;8354497;1651.0;
carregados_rj_2026-09-22;9234;8362150;1651.0;
carregados_rj_2026-09-22;8990;4728242;100005.0;60.0
carregados_rj_2026-09-22;940935;2491319;88.0;
carregados_rj_2026-09-22;839;8357842;;
carregados_rj_2026-09-22;839;8357843;;
carregados_rj_2026-09-22;839;8357844;;
carregados_rj_2026-09-22;839;8357845;;
carregados_rj_2026-09-22;839;8357846;;
carregados_rj_2026-09-22;839;8357847;;
carregados_rj_2026-09-22;839;8357848;;
carregados_rj_2026-09-22;839;8357849;;
carregados_rj_2026-09-22;10163;2815508;88.0;
carregados_rj_2026-09-22;9229;3122715;88.0;
carregados_rj_2026-09-22;9229;3122716;88.0;
carregados_rj_2026-09-22;9229;3122717;88.0;
carregados_rj_2026-09-22;9229;6853670;88.0;
carregados_rj_2026-09-22;9229;7547140;88.0;
carregados_rj_2026-09-22;1461709;8352368;1718.0;
carregados_rj_2026-09-22;1041;8352199;;
carregados_rj_2026-09-22;1041;8352200;;
carregados_rj_2026-09-22;8509;2384059;88.0;
carregados_rj_2026-09-22;8509;7882037;88.0;
carregados_rj_2026-09-22;8509;7882038;88.0;
carregados_rj_2026-09-22;8509;8364205;88.0;
carregados_rj_2026-09-22;8509;8364206;88.0;
carregados_rj_2026-09-22;8509;8364207;88.0;
carregados_rj_2026-09-22;8509;8365573;88.0;
carregados_rj_2026-09-22;8509;8365574;88.0;
carregados_rj_2026-09-22;7319;8356156;1000000003.0;22.0
carregados_rj_2026-09-22;7319;8356157;1000000003.0;30.0
carregados_rj_2026-09-22;6312;4260994;88.0;
carregados_rj_2026-09-22;6312;4260995;88.0;
carregados_rj_2026-09-22;6312;4260996;88.0;
carregados_rj_2026-09-22;880;8361042;1082.0;
carregados_rj_2026-09-22;880;8361043;1082.0;
carregados_rj_2026-09-22;1143;8358843;;
carregados_rj_2026-09-22;1143;8358844;;
carregados_rj_2026-09-22;1143;8358845;;
carregados_rj_2026-09-22;1143;8358846;;
carregados_rj_2026-09-22;1143;8358847;;
carregados_rj_2026-09-22;1143;8358848;;
carregados_rj_2026-09-22;1145;8362344;;
carregados_rj_2026-09-22;1145;8362345;;
carregados_rj_2026-09-22;1145;8362346;;
carregados_rj_2026-09-22;10024;2493762;88.0;
carregados_rj_2026-09-22;10669;8364045;1718.0;
carregados_rj_2026-09-22;1106;4728023;88.0;
carregados_rj_2026-09-22;4211;8354093;1273.0;
carregados_rj_2026-09-22;5682;8356488;1651.0;
carregados_rj_2026-09-22;5682;8356489;1651.0;
carregados_rj_2026-09-22;5682;8356490;1651.0;
carregados_rj_2026-09-22;5682;8356491;1651.0;
carregados_rj_2026-09-22;5682;8356492;1651.0;
carregados_rj_2026-09-22;5682;8356493;1651.0;
carregados_rj_2026-09-22;4245;8353561;;
carregados_rj_2026-09-22;164824;8356825;;
carregados_rj_2026-09-22;164824;8356826;;
carregados_rj_2026-09-22;164824;8356827;;
carregados_rj_2026-09-22;164824;8356828;;
carregados_rj_2026-09-22;164824;8356829;;
carregados_rj_2026-09-22;164824;8356830;;
carregados_rj_2026-09-22;164824;8356831;;
carregados_rj_2026-09-22;164824;8356832;;
carregados_rj_2026-09-22;164824;8356833;;
carregados_rj_2026-09-22;164824;8356834;;
carregados_rj_2026-09-22;164824;8356835;;
carregados_rj_2026-09-22;164824;8356836;;
carregados_rj_2026-09-22;164824;8356837;;
carregados_rj_2026-09-22;164824;8356838;;
carregados_rj_2026-09-22;164824;8356839;;
carregados_rj_2026-09-22;164824;8356840;;
carregados_rj_2026-09-22;164824;8356841;;
carregados_rj_2026-09-22;164824;8356842;;
carregados_rj_2026-09-22;164824;8356843;;
carregados_rj_2026-09-22;164824;8356844;;
carregados_rj_2026-09-22;9574;2488411;88.0;
carregados_rj_2026-09-22;1630658;8352437;1990.0;
carregados_rj_2026-09-22;9894;8344784;1825.0;47.0
carregados_rj_2026-09-22;9583;26547;88.0;
carregados_rj_2026-09-22;164813;8360708;;
carregados_rj_2026-09-22;164813;8360709;;
carregados_rj_2026-09-22;813;8364581;;
carregados_rj_2026-09-22;813;8364582;;
carregados_rj_2026-09-22;10664;2486924;88.0;
carregados_rj_2026-09-22;1566919;4728316;100005.0;60.0
carregados_rj_2026-09-22;6269;941612;88.0;
carregados_rj_2026-09-22;6269;941613;88.0;
carregados_rj_2026-09-22;6269;941614;88.0;
carregados_rj_2026-09-22;1905270;7860192;1718.0;40.0
carregados_rj_2026-09-22;8995;8361516;;
carregados_rj_2026-09-22;8995;8361517;;
carregados_rj_2026-09-22;8995;8361518;1651.0;
carregados_rj_2026-09-22;514374;8358661;;
carregados_rj_2026-09-22;514374;8358662;;
carregados_rj_2026-09-22;846;8364603;;
carregados_rj_2026-09-22;563468;8354411;1651.0;
carregados_rj_2026-09-22;563468;8354412;1651.0;
carregados_rj_2026-09-22;1101;2622453;88.0;
carregados_rj_2026-09-22;1101;2622454;88.0;
carregados_rj_2026-09-22;6566;8361570;1651.0;22.0
carregados_rj_2026-09-22;6566;8361571;1651.0;22.0
carregados_rj_2026-09-22;881;8356909;;
carregados_rj_2026-09-22;5637;8360737;;30.0
carregados_rj_2026-09-22;1905272;8363773;1876.0;
carregados_rj_2026-09-22;10446;2486722;88.0;
carregados_rj_2026-09-22;10446;7501610;88.0;
carregados_rj_2026-09-22;10446;7501611;88.0;
carregados_rj_2026-09-22;10447;8356154;1000000003.0;30.0
carregados_rj_2026-09-22;10447;8356155;1000000003.0;7.0
carregados_rj_2026-09-22;563470;2490444;88.0;
carregados_rj_2026-09-22;356439;8360682;;30.0
carregados_rj_2026-09-22;356439;8360683;;
carregados_rj_2026-09-22;4552;8363439;;
carregados_rj_2026-09-22;9215;4743269;88.0;
carregados_rj_2026-09-22;9215;4743270;88.0;
carregados_rj_2026-09-22;9215;4743271;88.0;
carregados_rj_2026-09-22;298985;2515312;88.0;120.0
carregados_rj_2026-09-22;9115;8361236;1665.0;
carregados_rj_2026-09-22;9115;8361237;1665.0;
carregados_rj_2026-09-22;757;8363594;1718.0;
carregados_rj_2026-09-22;1139501;8353444;1651.0;
carregados_rj_2026-09-22;1139501;8353445;1651.0;
carregados_rj_2026-09-22;8503;8361178;1795.0;
carregados_rj_2026-09-22;8503;8361179;1795.0;
carregados_rj_2026-09-22;9674;8362097;1718.0;
carregados_rj_2026-09-22;5870;8363604;1775.0;
carregados_rj_2026-09-22;5870;8363605;1775.0;
carregados_rj_2026-09-22;164841;8360718;5043.0;30.0
carregados_rj_2026-09-22;164808;2487622;88.0;
carregados_rj_2026-09-22;2072470;8361307;;
carregados_rj_2026-09-22;2072470;8361308;;
carregados_rj_2026-09-22;847;8356741;5109.0;
carregados_rj_2026-09-22;847;8356742;5109.0;
carregados_rj_2026-09-22;10666;2541503;88.0;120.0
carregados_rj_2026-09-22;10666;8358124;88.0;
carregados_rj_2026-09-22;10667;8354173;1996.0;
carregados_rj_2026-09-22;870;8351898;1273.0;
carregados_rj_2026-09-22;9422;8356152;1000000003.0;30.0
carregados_rj_2026-09-22;9422;8356153;1000000003.0;7.0
carregados_rj_2026-09-22;861;8359691;;
carregados_rj_2026-09-22;4185;8354231;;
carregados_rj_2026-09-22;10170;8361430;;
carregados_rj_2026-09-22;10170;8361431;;
carregados_rj_2026-09-22;10170;8361432;;
carregados_rj_2026-09-22;8506;8351838;;
carregados_rj_2026-09-22;8506;8351839;;
carregados_rj_2026-09-22;1080;8364742;;
carregados_rj_2026-09-22;1080;8364743;;
carregados_rj_2026-09-22;4053;8354461;1651.0;
carregados_rj_2026-09-22;4053;8354462;1651.0;
carregados_rj_2026-09-22;7233;8364095;;
carregados_rj_2026-09-22;5854;8363059;;
carregados_rj_2026-09-22;5854;8363060;;
carregados_rj_2026-09-22;8989;8357859;;
carregados_rj_2026-09-22;8989;8357860;;
carregados_rj_2026-09-22;8989;8357861;;
carregados_rj_2026-09-22;8989;8357862;;
carregados_rj_2026-09-22;8989;8357863;;
carregados_rj_2026-09-22;8989;8357864;;
carregados_rj_2026-09-22;8989;8357865;;
carregados_rj_2026-09-22;8989;8357866;;
carregados_rj_2026-09-22;8989;8357867;;
carregados_rj_2026-09-22;8989;8357868;;
carregados_rj_2026-09-22;1243427;8355899;;
carregados_rj_2026-09-22;2075801;8356638;;
carregados_rj_2026-09-22;2075801;8356639;1651.0;
carregados_rj_2026-09-22;1024;8357474;;
carregados_rj_2026-09-22;1055;8362818;1651.0;
carregados_rj_2026-09-22;2073313;8353412;1718.0;60.0
carregados_rj_2026-09-22;2073313;8353413;1718.0;22.0
carregados_rj_2026-09-22;2075152;8361601;1718.0;120.0
carregados_rj_2026-09-22;10162;2523969;88.0;
carregados_rj_2026-09-22;858;4700180;88.0;
carregados_rj_2026-09-22;884856;8357183;;
carregados_rj_2026-09-22;884856;8357184;;
carregados_rj_2026-09-22;884856;8357185;;
carregados_rj_2026-09-22;884856;8357186;;
carregados_rj_2026-09-22;884856;8357187;;
carregados_rj_2026-09-22;8508;4728280;100005.0;
carregados_rj_2026-09-22;1630653;8354941;1718.0;120.0
carregados_rj_2026-09-22;810;8353760;;
carregados_rj_2026-09-22;663901;981192;88.0;
carregados_rj_2026-09-22;663901;981193;88.0;
carregados_rj_2026-09-22;663901;981194;88.0;
carregados_rj_2026-09-22;10164;8352187;1665.0;
carregados_rj_2026-09-22;10164;8352188;1665.0;
carregados_rj_2026-09-22;853;2804101;88.0;
carregados_rj_2026-09-22;1088;8364746;88.0;
carregados_rj_2026-09-22;814;8364577;1651.0;
carregados_rj_2026-09-22;814;8364578;1651.0;
carregados_rj_2026-09-22;814;8364579;1651.0;
carregados_rj_2026-09-22;814;8364580;1651.0;
carregados_rj_2026-09-22;854;954053;;
carregados_rj_2026-09-22;793;8345689;;
carregados_rj_2026-09-22;5583;8346683;1665.0;
carregados_rj_2026-09-22;9228;26544;88.0;
carregados_rj_2026-09-22;4657;940717;88.0;
carregados_rj_2026-09-22;4657;6993163;88.0;
carregados_rj_2026-09-22;4049;8354812;;
carregados_rj_2026-09-22;851;8364605;;
carregados_rj_2026-09-22;851;8364606;;
carregados_rj_2026-09-22;9231;8362198;1651.0;
carregados_rj_2026-09-22;5786;8360449;;
carregados_rj_2026-09-22;4115;8345872;;
carregados_rj_2026-09-22;4115;8345873;;
carregados_rj_2026-09-22;4115;8345874;;
carregados_rj_2026-09-22;4115;8345875;;
carregados_rj_2026-09-22;4115;8345876;;
carregados_rj_2026-09-22;819;8364585;;
carregados_rj_2026-09-22;819;8364586;;
carregados_rj_2026-09-22;819;8364587;;
carregados_rj_2026-09-22;819;8364588;;
carregados_rj_2026-09-22;819;8364589;;
carregados_rj_2026-09-22;8510;8348371;1146.0;
carregados_rj_2026-09-22;2075259;8360115;1651.0;
carregados_rj_2026-09-22;2075259;8360116;1651.0;
carregados_rj_2026-09-22;1905295;2892833;88.0;
carregados_rj_2026-09-22;625497;8350385;1651.0;
carregados_rj_2026-09-22;625497;8350386;1651.0;
carregados_rj_2026-09-22;4164;8348136;;
carregados_rj_2026-09-22;4299;8345971;1665.0;
carregados_rj_2026-09-22;4299;8345972;1665.0;
carregados_rj_2026-09-22;782960;8351837;1996.0;
carregados_rj_2026-09-22;1139532;8354987;;
carregados_rj_2026-09-22;1139532;8354988;;
carregados_rj_2026-09-22;1461703;8352487;1967.0;
carregados_rj_2026-09-22;4894;8346295;1637.0;
carregados_rj_2026-09-22;6395;8358542;;
carregados_rj_2026-09-22;6395;8358543;;
carregados_rj_2026-09-22;1079;8364740;;
carregados_rj_2026-09-22;4268;8353667;;10.0
carregados_rj_2026-09-22;1630654;2608610;88.0;
carregados_rj_2026-09-22;1430848;8365100;88.0;
carregados_rj_2026-09-22;5895;8355968;;
carregados_rj_2026-09-22;1078;8364739;;3.0
carregados_rj_2026-09-22;4199;8345924;;11.0
carregados_rj_2026-09-22;4199;8345925;;11.0
carregados_rj_2026-09-22;9572;8357119;;
carregados_rj_2026-09-22;9572;8357120;;
carregados_rj_2026-09-22;840;8364598;;
carregados_rj_2026-09-22;1060;8357549;;
carregados_rj_2026-09-22;6265;8352517;1781.0;
carregados_rj_2026-09-22;1105;8364753;;
carregados_rj_2026-09-22;2072149;8362401;;
carregados_rj_2026-09-22;2072149;8362402;;
carregados_rj_2026-09-22;4281;8345964;;
carregados_rj_2026-09-22;9237;8348809;1146.0;
carregados_rj_2026-09-22;10165;7872953;1838.0;
carregados_rj_2026-09-22;10165;7872954;1838.0;
carregados_rj_2026-09-22;5613;8353882;;
carregados_rj_2026-09-22;8186;8361704;1825.0;
carregados_rj_2026-09-22;8186;8361705;1825.0;
carregados_rj_2026-09-22;820;2804059;88.0;
carregados_rj_2026-09-22;8187;8348148;1637.0;
carregados_rj_2026-09-22;2072022;8352175;;
carregados_rj_2026-09-22;2072022;8352176;;
carregados_rj_2026-09-22;2072022;8352177;;
carregados_rj_2026-09-22;2073790;8362116;1718.0;
carregados_rj_2026-09-22;841;8364601;1718.0;
carregados_rj_2026-09-22;832;1833718;88.0;
carregados_rj_2026-09-22;5615;8352937;;
carregados_rj_2026-09-22;5615;8352938;;
carregados_rj_2026-09-22;6478;8347092;;
carregados_rj_2026-09-22;6478;8347093;;
carregados_rj_2026-09-22;6478;8347094;;
carregados_rj_2026-09-22;9582;8351935;;
carregados_rj_2026-09-22;514359;8361350;;
carregados_rj_2026-09-22;4176;8361353;;
carregados_rj_2026-09-22;2075551;8363653;1718.0;
carregados_rj_2026-09-22;2072789;8356293;;
carregados_rj_2026-09-22;2072789;8356294;;
carregados_rj_2026-09-22;6574;8347124;;
carregados_rj_2026-09-22;1566920;2487273;88.0;
carregados_rj_2026-09-22;4306;8363302;;
carregados_rj_2026-09-22;4306;8363303;;
carregados_rj_2026-09-22;1146;8359832;;
carregados_rj_2026-09-22;1146;8359833;;
carregados_rj_2026-09-22;356453;8354199;;
carregados_rj_2026-09-22;2073531;8363762;;
carregados_rj_2026-09-22;8504;8362578;1146.0;
carregados_rj_2026-09-22;2073676;8353504;;
carregados_rj_2026-09-22;2073676;8353505;;
carregados_rj_2026-09-22;2074290;8359983;;
carregados_rj_2026-09-22;10557;8361497;;
carregados_rj_2026-09-22;9581;8360272;;
carregados_rj_2026-09-22;10053;8363035;;
carregados_rj_2026-09-22;806;4720076;88.0;
carregados_rj_2026-09-22;806;8359848;;
carregados_rj_2026-09-22;806;8359849;;
carregados_rj_2026-09-22;7318;8347506;;
carregados_rj_2026-09-22;5863;8346767;;
carregados_rj_2026-09-22;4782;8346214;1146.0;7.0
carregados_rj_2026-09-22;1034;8364696;;3.0
carregados_rj_2026-09-22;782977;8362813;1996.0;
carregados_rj_2026-09-22;1243157;1906710;88.0;
carregados_rj_2026-09-22;1243157;1906711;88.0;
carregados_rj_2026-09-22;164831;242512;88.0;
carregados_rj_2026-09-22;2075902;8358217;88.0;
carregados_rj_2026-09-22;1021;8364684;;
carregados_rj_2026-09-22;1021;8364685;;
carregados_rj_2026-09-22;164843;952868;88.0;
carregados_rj_2026-09-22;164843;952869;88.0;
carregados_rj_2026-09-22;1022;8364686;1273.0;
carregados_rj_2026-09-22;1022;8364687;1273.0;
carregados_rj_2026-09-22;1022;8364688;1273.0;
carregados_rj_2026-09-22;787;945996;88.0;
carregados_rj_2026-09-22;4903;8352932;;
carregados_rj_2026-09-22;865;2639937;88.0;
carregados_rj_2026-09-22;884848;8356313;;
carregados_rj_2026-09-22;1128;8364770;;3.0
carregados_rj_2026-09-22;4102;8354075;;
carregados_rj_2026-09-22;4102;8354076;;
carregados_rj_2026-09-22;1071;8364731;1146.0;
carregados_rj_2026-09-22;1071;8364732;1146.0;
carregados_rj_2026-09-22;1071;8364733;1146.0;
carregados_rj_2026-09-22;1071;8364734;1146.0;
carregados_rj_2026-09-22;1071;8364735;1146.0;
carregados_rj_2026-09-22;1071;8364736;1146.0;
carregados_rj_2026-09-22;4278;17045;88.0;
carregados_rj_2026-09-22;4278;17046;88.0;
carregados_rj_2026-09-22;4200;8354079;1273.0;
carregados_rj_2026-09-22;4200;8354080;1273.0;
carregados_rj_2026-09-22;4200;8354081;1273.0;
carregados_rj_2026-09-22;4200;8354082;1273.0;
carregados_rj_2026-09-22;4200;8354083;1273.0;
carregados_rj_2026-09-22;1325958;8350278;;
carregados_rj_2026-09-22;2073303;8353403;;
carregados_rj_2026-09-22;2073303;8353404;;
carregados_rj_2026-09-22;9232;8348807;;
carregados_rj_2026-09-22;9232;8348808;;
carregados_rj_2026-09-22;8505;8362898;;
carregados_rj_2026-09-22;8505;8362899;;
carregados_rj_2026-09-22;2073110;8354531;1665.0;
carregados_rj_2026-09-22;2073110;8354532;1665.0;
carregados_rj_2026-09-22;4307;8345977;;
carregados_rj_2026-09-22;4307;8345978;;
carregados_rj_2026-09-22;4135;8354226;;
carregados_rj_2026-09-22;4135;8354227;1536.0;
carregados_rj_2026-09-22;1243174;8358592;1861.0;
carregados_rj_2026-09-22;1243174;8358593;1861.0;
carregados_rj_2026-09-22;1243174;8358594;1861.0;
carregados_rj_2026-09-22;866;8359733;1273.0;
carregados_rj_2026-09-22;9421;8351910;;
carregados_rj_2026-09-22;9421;8351911;;
carregados_rj_2026-09-22;9421;8351912;;
carregados_rj_2026-09-22;884;8364618;;
carregados_rj_2026-09-22;1054;8364710;;
carregados_rj_2026-09-22;1054;8364711;;
carregados_rj_2026-09-22;1054;8364712;;
carregados_rj_2026-09-22;4272;8345956;;
carregados_rj_2026-09-22;1049;8358151;;11.0
carregados_rj_2026-09-22;4243;8345945;;
carregados_rj_2026-09-22;1031;8358467;;3.0
carregados_rj_2026-09-22;6030;8353907;1617.0;
carregados_rj_2026-09-22;5277;8346513;;7.0
carregados_rj_2026-09-22;1075;8353807;1781.0;
carregados_rj_2026-09-22;1506973;8363050;1718.0;
carregados_rj_2026-09-22;1506973;8363051;1718.0;
carregados_rj_2026-09-22;1506973;8363052;1718.0;
carregados_rj_2026-09-22;1506973;8363053;1718.0;
carregados_rj_2026-09-22;2073791;8362400;88.0;
carregados_rj_2026-09-22;9108;8348759;;
carregados_rj_2026-09-22;2072609;8355013;1718.0;
carregados_rj_2026-09-22;894;8364623;;
carregados_rj_2026-09-22;830;8355059;;
carregados_rj_2026-09-22;2075690;8360882;;
carregados_rj_2026-09-22;2075690;8360883;;
carregados_rj_2026-09-22;2075690;8360884;;
carregados_rj_2026-09-22;2074289;8357672;1000000003.0;7.0
carregados_rj_2026-09-22;1059;8364717;;
carregados_rj_2026-09-22;1059;8364718;;
carregados_rj_2026-09-22;2075017;8359379;88.0;
carregados_rj_2026-09-22;2075017;8359380;88.0;
carregados_rj_2026-09-22;2074606;8365206;88.0;
carregados_rj_2026-09-22;2073109;8361511;1861.0;
carregados_rj_2026-09-22;2073109;8361512;1861.0;
carregados_rj_2026-09-22;2073109;8361513;1861.0;
carregados_rj_2026-09-22;2073109;8361514;1861.0;
carregados_rj_2026-09-22;4944;8361891;1146.0;
carregados_rj_2026-09-22;10112;8349286;1617.0;
carregados_rj_2026-09-22;9575;8348968;1637.0;
carregados_rj_2026-09-22;8994;8348664;;
carregados_rj_2026-09-22;9226;8361856;;
carregados_rj_2026-09-22;9226;8361857;;
carregados_rj_2026-09-22;2072018;3365804;88.0;
carregados_rj_2026-09-22;2074607;8361876;1718.0;
carregados_rj_2026-09-22;356465;8357930;;
carregados_rj_2026-09-22;4996;8346353;1781.0;
carregados_rj_2026-09-22;4283;8345965;1273.0;
carregados_rj_2026-09-22;4283;8345966;1273.0;
carregados_rj_2026-09-22;1123;26536;88.0;
carregados_rj_2026-09-22;1123;7961183;88.0;
carregados_rj_2026-09-22;1123;8262142;88.0;
carregados_rj_2026-09-22;4328;8345986;1617.0;
carregados_rj_2026-09-22;514365;8353956;;
carregados_rj_2026-09-22;10119;8363023;1838.0;
carregados_rj_2026-09-22;9580;8351934;;
carregados_rj_2026-09-22;9222;8348801;1665.0;
carregados_rj_2026-09-22;2076626;8191519;;40.0
carregados_rj_2026-09-22;4285;8356209;1665.0;
carregados_rj_2026-09-22;1110;8363581;;
carregados_rj_2026-09-22;1109;8364755;1146.0;
carregados_rj_2026-09-22;2074603;8361874;;
carregados_rj_2026-09-22;1194789;8354528;;
carregados_rj_2026-09-22;1114;8364758;;11.0
carregados_rj_2026-09-22;1114;8364759;;11.0
carregados_rj_2026-09-22;10665;8354187;1665.0;
carregados_rj_2026-09-22;10055;8349255;;
carregados_rj_2026-09-22;6413;8358546;;
carregados_rj_2026-09-22;6413;8358547;;
carregados_rj_2026-09-22;879;8360313;1465.0;
carregados_rj_2026-09-22;1051;8364705;1273.0;
carregados_rj_2026-09-22;1051;8364706;1273.0;
carregados_rj_2026-09-22;1051;8364707;1273.0;
carregados_rj_2026-09-22;1051;8364708;1273.0;
carregados_rj_2026-09-22;2076726;8348706;1996.0;
carregados_rj_2026-09-22;883;8364619;;
carregados_rj_2026-09-22;4273;8345955;1637.0;
carregados_rj_2026-09-22;940921;8349942;1146.0;
carregados_rj_2026-09-22;940921;8349943;1146.0;
carregados_rj_2026-09-22;940921;8349944;1146.0;
carregados_rj_2026-09-22;1047;8364702;1465.0;
carregados_rj_2026-09-22;356435;8349647;;
carregados_rj_2026-09-22;356435;8349648;;
carregados_rj_2026-09-22;735;8348411;;
carregados_rj_2026-09-22;4900;8346299;1337.0;
carregados_rj_2026-09-22;4061;8345831;;
carregados_rj_2026-09-22;1035;8364694;1825.0;
carregados_rj_2026-09-22;1035;8364695;1825.0;
carregados_rj_2026-09-22;1139520;8350124;;
carregados_rj_2026-09-22;2073675;8364054;1718.0;
carregados_rj_2026-09-22;10434;8363944;;
carregados_rj_2026-09-22;6514;8347106;1617.0;
carregados_rj_2026-09-22;1050;8364703;88.0;
carregados_rj_2026-09-22;5031;8358359;;
carregados_rj_2026-09-22;5031;8358360;;
carregados_rj_2026-09-22;1023;8364689;1637.0;
carregados_rj_2026-09-22;1023;8364690;1637.0;
carregados_rj_2026-09-22;817;8364584;1718.0;
carregados_rj_2026-09-22;4395;8346031;;
carregados_rj_2026-09-22;1430849;8350342;;
carregados_rj_2026-09-22;2074037;8357577;;
carregados_rj_2026-09-22;2074037;8357578;;
carregados_rj_2026-09-22;4288;8356217;;
carregados_rj_2026-09-22;2076298;7835670;1910.0;7.0
carregados_rj_2026-09-22;2076298;7835671;1910.0;7.0
carregados_rj_2026-09-22;2076298;7835672;1910.0;7.0
carregados_rj_2026-09-22;2076298;7835673;1910.0;7.0
carregados_rj_2026-09-22;2076298;7835674;1910.0;7.0
carregados_rj_2026-09-22;2076298;7835675;1910.0;7.0
carregados_rj_2026-09-22;2076298;7835676;1910.0;7.0
carregados_rj_2026-09-22;2076298;7835677;1910.0;7.0
carregados_rj_2026-09-22;2076298;7835678;1910.0;7.0
carregados_rj_2026-09-22;2076298;7835679;1910.0;60.0
carregados_rj_2026-09-22;6037;8357687;;
carregados_rj_2026-09-22;2074605;8351191;1996.0;
carregados_rj_2026-09-22;2072322;4434542;100005.0;150.0
carregados_rj_2026-09-22;246333;8349617;;
carregados_rj_2026-09-22;2073536;5101179;88.0;
carregados_rj_2026-09-22;4238;8356186;;
carregados_rj_2026-09-22;6052;8346863;1781.0;
carregados_rj_2026-09-22;1111;8360037;1781.0;
carregados_rj_2026-09-22;6114;8354244;;
carregados_rj_2026-09-22;1063;8364723;;
carregados_rj_2026-09-22;1063;8364724;;
carregados_rj_2026-09-22;1063;8364725;;
carregados_rj_2026-09-22;1461704;8356802;;
carregados_rj_2026-09-22;1056;2577467;88.0;
carregados_rj_2026-09-22;4064;8345832;1781.0;
carregados_rj_2026-09-22;4064;8345833;1781.0;
carregados_rj_2026-09-22;4064;8345834;1781.0;
carregados_rj_2026-09-22;874;8364615;;
carregados_rj_2026-09-22;9419;8348886;;
carregados_rj_2026-09-22;9419;8348887;;
carregados_rj_2026-09-22;9419;8348888;;
carregados_rj_2026-09-22;9419;8348889;;
carregados_rj_2026-09-22;9419;8348890;;
carregados_rj_2026-09-22;884860;8359667;;
carregados_rj_2026-09-22;563458;8354404;;
carregados_rj_2026-09-22;4047;8353704;;
carregados_rj_2026-09-22;6495;8347099;1861.0;
carregados_rj_2026-09-22;4830;8346245;1337.0;
carregados_rj_2026-09-22;4830;8346246;1337.0;
carregados_rj_2026-09-22;4830;8346247;1337.0;
carregados_rj_2026-09-22;1029;8364691;1838.0;
carregados_rj_2026-09-22;4197;8345920;;22.0
carregados_rj_2026-09-22;4197;8345921;;22.0
carregados_rj_2026-09-22;6266;8346983;;
carregados_rj_2026-09-22;2075846;8357158;88.0;
carregados_rj_2026-09-22;2076433;8351916;88.0;
carregados_rj_2026-09-22;8709;8348490;;
carregados_rj_2026-09-22;9236;8353958;;
carregados_rj_2026-09-22;885111;8349913;;
carregados_rj_2026-09-22;2076136;7801966;88.0;
carregados_rj_2026-09-22;2076136;8357657;;150.0
carregados_rj_2026-09-22;4927;8346316;1536.0;
carregados_rj_2026-09-22;889;8364622;;
carregados_rj_2026-09-22;2072790;4226528;88.0;
carregados_rj_2026-09-22;2072790;4226529;88.0;
carregados_rj_2026-09-22;2072790;4226530;88.0;
carregados_rj_2026-09-22;8564;8348394;;
carregados_rj_2026-09-22;8564;8348395;;
carregados_rj_2026-09-22;9413;8348882;;
carregados_rj_2026-09-22;1096;8364751;1377.0;
carregados_rj_2026-09-22;747;8364555;;
carregados_rj_2026-09-22;4214;8357069;1273.0;
carregados_rj_2026-09-22;4214;8357070;1273.0;
carregados_rj_2026-09-22;4214;8357071;1273.0;
carregados_rj_2026-09-22;4214;8357072;1273.0;
carregados_rj_2026-09-22;4214;8357073;1273.0;
carregados_rj_2026-09-22;1243170;8361832;1273.0;
carregados_rj_2026-09-22;1243170;8361833;1273.0;
carregados_rj_2026-09-22;842;8354243;;
carregados_rj_2026-09-22;4264;8345952;1540.0;
carregados_rj_2026-09-22;4101;8354074;;
carregados_rj_2026-09-22;2075939;8357324;1718.0;
carregados_rj_2026-09-22;2075939;8357325;1718.0;
carregados_rj_2026-09-22;1094;8364750;1781.0;
carregados_rj_2026-09-22;10871;8349527;1273.0;
carregados_rj_2026-09-22;2072019;8350559;1861.0;
carregados_rj_2026-09-22;2072019;8350560;1861.0;
carregados_rj_2026-09-22;2072019;8350561;1861.0;
carregados_rj_2026-09-22;2073031;8350779;;
carregados_rj_2026-09-22;5544;8346657;;
carregados_rj_2026-09-22;5544;8346658;;
carregados_rj_2026-09-22;8521;8348378;;
carregados_rj_2026-09-22;8521;8348379;;
carregados_rj_2026-09-22;792;8364566;;
carregados_rj_2026-09-22;2076785;8364935;1913.0;
carregados_rj_2026-09-22;8998;8348673;;
carregados_rj_2026-09-22;8998;8348674;;
carregados_rj_2026-09-22;8998;8348675;;
carregados_rj_2026-09-22;8998;8348676;;
carregados_rj_2026-09-22;8998;8348677;;
carregados_rj_2026-09-22;4127;8353735;;
carregados_rj_2026-09-22;4050;8345826;;
carregados_rj_2026-09-22;1115;8364757;;
carregados_rj_2026-09-22;10672;8354170;1651.0;
carregados_rj_2026-09-22;1083;8364744;;
carregados_rj_2026-09-22;8993;8348661;;
carregados_rj_2026-09-22;356434;8358895;;
carregados_rj_2026-09-22;4198;8345922;;3.0
carregados_rj_2026-09-22;4198;8345923;;3.0
carregados_rj_2026-09-22;5350;8346551;1781.0;
carregados_rj_2026-09-22;4170;8345906;1781.0;
carregados_rj_2026-09-22;4170;8345907;1781.0;
carregados_rj_2026-09-22;1141;8359844;;
carregados_rj_2026-09-22;1141;8359845;;
carregados_rj_2026-09-22;4204;8354089;1337.0;22.0
carregados_rj_2026-09-22;4204;8354090;1337.0;22.0
carregados_rj_2026-09-22;1035626;8350090;;
carregados_rj_2026-09-22;1091;8364748;;11.0
carregados_rj_2026-09-22;1091;8364749;;11.0
carregados_rj_2026-09-22;663893;2586697;88.0;
carregados_rj_2026-09-22;5721;8346730;;
carregados_rj_2026-09-22;4098;8345863;;
carregados_rj_2026-09-22;1506976;8359356;;
carregados_rj_2026-09-22;10023;8349236;1781.0;
carregados_rj_2026-09-22;2073535;8351028;1665.0;
carregados_rj_2026-09-22;2074644;8354488;1651.0;
carregados_rj_2026-09-22;5475;8346620;1273.0;
carregados_rj_2026-09-22;5475;8346621;1273.0;
carregados_rj_2026-09-22;1116;8364760;1273.0;
carregados_rj_2026-09-22;1116;8364761;1273.0;
carregados_rj_2026-09-22;1116;8364762;1273.0;
carregados_rj_2026-09-22;1116;8364763;1273.0;
carregados_rj_2026-09-22;1116;8364764;1273.0;
carregados_rj_2026-09-22;1116;8364765;1273.0;
carregados_rj_2026-09-22;2074604;8351190;;
carregados_rj_2026-09-22;2075778;7351339;;40.0
carregados_rj_2026-09-22;5107;8358498;;
carregados_rj_2026-09-22;5107;8358499;;
carregados_rj_2026-09-22;4902;8346302;;
carregados_rj_2026-09-22;4802;8346224;;
carregados_rj_2026-09-22;4062;8345830;;
carregados_rj_2026-09-22;409091;8349703;;
carregados_rj_2026-09-22;10674;8349500;1651.0;
carregados_rj_2026-09-22;10674;8349501;1651.0;
carregados_rj_2026-09-22;1033;8364692;;
carregados_rj_2026-09-22;1033;8364693;;
carregados_rj_2026-09-22;940906;8349937;;
carregados_rj_2026-09-22;4468;8346086;;
carregados_rj_2026-09-22;2072255;8354289;;
carregados_rj_2026-09-22;4121;8345885;;
carregados_rj_2026-09-22;9586;8360363;;
carregados_rj_2026-09-22;2073270;4693864;100005.0;120.0
carregados_rj_2026-09-22;1038;8364697;1651.0;
carregados_rj_2026-09-22;4361;8353715;1781.0;
carregados_rj_2026-09-22;5471;8358961;1146.0;
carregados_rj_2026-09-22;9416;8348883;1665.0;
carregados_rj_2026-09-22;5248;8346490;;
carregados_rj_2026-09-22;4111;8345870;1651.0;
carregados_rj_2026-09-22;4143;8354249;;
carregados_rj_2026-09-22;409075;8349701;;
carregados_rj_2026-09-22;409075;8349702;;
carregados_rj_2026-09-22;4222;2829943;88.0;
carregados_rj_2026-09-22;2074183;8354883;1718.0;
carregados_rj_2026-09-22;246331;8357084;;
carregados_rj_2026-09-22;884873;8360452;;
carregados_rj_2026-09-22;4100;8345864;;
carregados_rj_2026-09-22;884843;8349893;1838.0;
carregados_rj_2026-09-22;782990;8356976;;
carregados_rj_2026-09-22;771;8359783;;
carregados_rj_2026-09-22;2073532;8350915;1861.0;
carregados_rj_2026-09-22;2073532;8350916;1861.0;
carregados_rj_2026-09-22;2076578;8348017;;
carregados_rj_2026-09-22;1045;8360038;1781.0;
carregados_rj_2026-09-22;1035374;8350070;1273.0;
carregados_rj_2026-09-22;1035374;8350071;1273.0;
carregados_rj_2026-09-22;5003;8346362;1781.0;
carregados_rj_2026-09-22;2074036;8357571;;
carregados_rj_2026-09-22;2074036;8357572;;
carregados_rj_2026-09-22;2076018;8360572;;
carregados_rj_2026-09-22;2073032;8358708;1718.0;
carregados_rj_2026-09-22;2073032;8358709;1718.0;
carregados_rj_2026-09-22;2075015;8359375;1718.0;
carregados_rj_2026-09-22;4873;8346285;;
carregados_rj_2026-09-22;4873;8346286;;
carregados_rj_2026-09-22;356450;526066;88.0;
carregados_rj_2026-09-22;356450;526067;88.0;
carregados_rj_2026-09-22;356450;526068;88.0;
carregados_rj_2026-09-22;356450;526069;88.0;
carregados_rj_2026-09-22;356450;526070;88.0;
carregados_rj_2026-09-22;356450;526071;88.0;
carregados_rj_2026-09-22;356450;526072;88.0;
carregados_rj_2026-09-22;356450;945613;88.0;
carregados_rj_2026-09-22;356450;945614;88.0;
carregados_rj_2026-09-22;356450;945615;88.0;
carregados_rj_2026-09-22;356450;945616;88.0;
carregados_rj_2026-09-22;356450;945617;88.0;
carregados_rj_2026-09-22;356450;7137560;88.0;
carregados_rj_2026-09-22;356450;7137561;88.0;
carregados_rj_2026-09-22;356450;7137562;88.0;
carregados_rj_2026-09-22;356450;7137563;88.0;
carregados_rj_2026-09-22;356450;7137564;88.0;
carregados_rj_2026-09-22;356450;7137565;88.0;
carregados_rj_2026-09-22;940937;8349945;;
carregados_rj_2026-09-22;940937;8349946;;
carregados_rj_2026-09-22;940937;8349947;;
carregados_rj_2026-09-22;940937;8349948;;
carregados_rj_2026-09-22;164833;8358462;;
carregados_rj_2026-09-22;1027;14878;88.0;
carregados_rj_2026-09-22;812;8364574;;
carregados_rj_2026-09-22;356471;8354216;88.0;
carregados_rj_2026-09-22;1085;8359876;1781.0;
carregados_rj_2026-09-22;1085;8359877;;
carregados_rj_2026-09-22;4349;8345999;;
carregados_rj_2026-09-22;4349;8346000;;
carregados_rj_2026-09-22;4228;8352639;;
carregados_rj_2026-09-22;10558;8359712;1781.0;
carregados_rj_2026-09-22;2072951;8358038;;
carregados_rj_2026-09-22;984891;8356610;88.0;
carregados_rj_2026-09-22;1044;8364701;1781.0;
carregados_rj_2026-09-22;5352;8346552;1781.0;
carregados_rj_2026-09-22;5244;8346483;1781.0;
carregados_rj_2026-09-22;9414;8348885;1781.0;
carregados_rj_2026-09-22;4252;8345948;88.0;
carregados_rj_2026-09-22;5005;8346363;1781.0;
carregados_rj_2026-09-22;4106;8345865;1781.0;
carregados_rj_2026-09-22;871;8364613;1146.0;
carregados_rj_2026-09-22;871;8364614;1146.0;
carregados_rj_2026-09-22;4219;8345931;;
carregados_rj_2026-09-22;8183;8359038;1861.0;
carregados_rj_2026-09-22;8705;8348487;;
carregados_rj_2026-09-22;8672;8348472;;
carregados_rj_2026-09-22;2074426;6384384;9999.0;7.0
carregados_rj_2026-09-22;9117;8348761;;
carregados_rj_2026-09-22;782978;8349846;;
carregados_rj_2026-09-22;2073224;6265324;;
carregados_rj_2026-09-22;4287;8356215;88.0;
carregados_rj_2026-09-22;4287;8356216;88.0;
carregados_rj_2026-09-22;1139517;8350121;;
carregados_rj_2026-09-22;8189;8348149;;
carregados_rj_2026-09-22;9590;8348974;;
carregados_rj_2026-09-22;1194786;1834409;88.0;
carregados_rj_2026-09-22;1194786;1834410;88.0;
carregados_rj_2026-09-22;7729;8352477;;
carregados_rj_2026-09-22;2071913;8354326;;
carregados_rj_2026-09-22;1657235;8350422;;
carregados_rj_2026-09-22;2074182;8356273;;
carregados_rj_2026-09-22;7784;8347772;;
carregados_rj_2026-09-22;10437;8349448;;
carregados_rj_2026-09-22;7770;8360319;;
carregados_rj_2026-09-22;4275;8356201;1637.0;
carregados_rj_2026-09-22;9968;8349207;;
carregados_rj_2026-09-22;8647;8353955;;
carregados_rj_2026-09-22;5689;8353887;;
carregados_rj_2026-09-22;4229;8356179;;
carregados_rj_2026-09-22;4065;8345839;1651.0;
carregados_rj_2026-09-22;5213;8346476;;
carregados_rj_2026-09-22;2076605;8360970;1718.0;
carregados_rj_2026-09-22;2076605;8360971;1718.0;
carregados_rj_2026-09-22;663897;981188;88.0;
carregados_rj_2026-09-22;663897;6534556;88.0;
carregados_rj_2026-09-22;4125;8345888;;
carregados_rj_2026-09-22;1325946;8350277;2036.0;
carregados_rj_2026-09-22;984887;1522626;88.0;
carregados_rj_2026-09-22;984887;1522627;88.0;
carregados_rj_2026-09-22;4217;8345930;;
carregados_rj_2026-09-22;4063;8345835;1637.0;
carregados_rj_2026-09-22;4063;8345836;1637.0;
carregados_rj_2026-09-22;4063;8345837;1637.0;
carregados_rj_2026-09-22;4063;8345838;1637.0;
carregados_rj_2026-09-22;356441;8349649;;
carregados_rj_2026-09-22;2073530;8351709;1861.0;
carregados_rj_2026-09-22;2073530;8351710;1861.0;
carregados_rj_2026-09-22;4304;8345976;1665.0;
carregados_rj_2026-09-22;2076612;8348041;;
carregados_rj_2026-09-22;4177;8345915;1146.0;
carregados_rj_2026-09-22;4177;8345916;1146.0;
carregados_rj_2026-09-22;4054;8345828;;
carregados_rj_2026-09-22;9238;8353684;;
carregados_rj_2026-09-22;9238;8353685;;
carregados_rj_2026-09-22;4291;8345968;;
carregados_rj_2026-09-22;1142;8364777;;
carregados_rj_2026-09-22;1142;8364778;;
carregados_rj_2026-09-22;10451;8349457;;
carregados_rj_2026-09-22;2077159;8365498;1000000003.0;7.0
carregados_rj_2026-09-22;4260;8353616;;
carregados_rj_2026-09-22;4260;8353617;;
carregados_rj_2026-09-22;781;8359479;;
carregados_rj_2026-09-22;2077223;8365591;1718.0;60.0
carregados_rj_2026-09-22;2077223;8365592;1718.0;60.0
carregados_rj_2026-09-22;2076949;8365174;;
carregados_rj_2026-09-22;1020;8364683;;
carregados_rj_2026-09-22;8182;8348145;;
carregados_rj_2026-09-22;7778;8353803;;
carregados_rj_2026-09-22;2076218;8358586;;
carregados_rj_2026-09-22;7791;8347775;;
carregados_rj_2026-09-22;2072017;8350562;;
carregados_rj_2026-09-22;4955;8346330;1617.0;
carregados_rj_2026-09-22;2073753;5257675;1990.0;40.0
carregados_rj_2026-09-22;9891;8359208;1651.0;
carregados_rj_2026-09-22;6858;8352276;1651.0;
carregados_rj_2026-09-22;4126;8345890;;
carregados_rj_2026-09-22;9224;8353970;;
carregados_rj_2026-09-22;4119;8345879;;
carregados_rj_2026-09-22;4119;8345880;;
carregados_rj_2026-09-22;4119;8345881;;
carregados_rj_2026-09-22;4119;8345882;;
carregados_rj_2026-09-22;9423;8348891;;
carregados_rj_2026-09-22;4312;8345981;;
carregados_rj_2026-09-22;663894;2510482;88.0;
carregados_rj_2026-09-22;663894;2510483;88.0;
carregados_rj_2026-09-22;2073271;4693893;100005.0;120.0
carregados_rj_2026-09-22;867;8364612;;
carregados_rj_2026-09-22;4145;8354250;;
carregados_rj_2026-09-22;4145;8354251;;
carregados_rj_2026-09-22;782971;8349845;;
carregados_rj_2026-09-22;1139524;8350126;;
carregados_rj_2026-09-22;4353;8346003;;
carregados_rj_2026-09-22;663895;8357900;1651.0;
carregados_rj_2026-09-22;663895;8357901;1651.0;
carregados_rj_2026-09-22;2077221;8365587;1973.0;30.0
carregados_rj_2026-09-22;2077221;8365588;1973.0;7.0
carregados_rj_2026-09-22;2077221;8365589;1973.0;7.0
carregados_rj_2026-09-22;756;8364557;1637.0;
carregados_rj_2026-09-22;8707;8348489;;
carregados_rj_2026-09-22;782991;8349848;;
carregados_rj_2026-09-22;1069;8364729;1465.0;
carregados_rj_2026-09-22;1069;8364730;1465.0;
carregados_rj_2026-09-22;1126;954228;88.0;
carregados_rj_2026-09-22;1243160;8355130;1718.0;
carregados_rj_2026-09-22;2076747;8348720;;
carregados_rj_2026-09-22;4300;8345975;;
carregados_rj_2026-09-22;1040;8351948;1665.0;
carregados_rj_2026-09-22;8713;8348492;;
carregados_rj_2026-09-22;4237;8345942;1273.0;
carregados_rj_2026-09-22;4237;8345943;1273.0;
carregados_rj_2026-09-22;1139516;8350122;1273.0;
carregados_rj_2026-09-22;1139516;8350123;1273.0;
carregados_rj_2026-09-22;8194;8348153;1273.0;
carregados_rj_2026-09-22;8194;8348154;1273.0;
carregados_rj_2026-09-22;5363;8346562;1781.0;
carregados_rj_2026-09-22;762;8353743;;
carregados_rj_2026-09-22;762;8353744;;
carregados_rj_2026-09-22;8191;8348151;;
carregados_rj_2026-09-22;5823;8346762;;
carregados_rj_2026-09-22;4397;8346032;;
carregados_rj_2026-09-22;4124;8345889;;
carregados_rj_2026-09-22;4134;2644757;88.0;
carregados_rj_2026-09-22;4989;8346348;1781.0;
carregados_rj_2026-09-22;4992;8346350;1781.0;
carregados_rj_2026-09-22;1139535;8350127;;
carregados_rj_2026-09-22;827;8364593;;
carregados_rj_2026-09-22;2075016;8359378;;
carregados_rj_2026-09-22;6428;8347066;;
carregados_rj_2026-09-22;6428;8347067;;
carregados_rj_2026-09-22;6428;8347068;;
carregados_rj_2026-09-22;6428;8347069;;
carregados_rj_2026-09-22;6428;8347070;;
carregados_rj_2026-09-22;2075384;8351451;;
carregados_rj_2026-09-22;2075384;8351452;;
carregados_rj_2026-09-22;5570;8346677;;
carregados_rj_2026-09-22;7735;8347737;;
carregados_rj_2026-09-22;625478;8349755;1781.0;
carregados_rj_2026-09-22;5376;8346573;1781.0;
carregados_rj_2026-09-22;5383;8346582;1781.0;
carregados_rj_2026-09-22;940903;8357038;1665.0;
carregados_rj_2026-09-22;6019;8346853;;
carregados_rj_2026-09-22;1074;8364738;1273.0;
carregados_rj_2026-09-22;761;8358196;;
carregados_rj_2026-09-22;1461707;8356801;;
carregados_rj_2026-09-22;10435;8349447;;
carregados_rj_2026-09-22;9963;8349204;;
carregados_rj_2026-09-22;2072150;8350593;;
carregados_rj_2026-09-22;9969;15357;;
carregados_rj_2026-09-22;9969;8359159;88.0;
carregados_rj_2026-09-22;7133;8347418;;
carregados_rj_2026-09-22;7792;8347777;;
carregados_rj_2026-09-22;2072534;3961537;1651.0;
carregados_rj_2026-09-22;807;8364573;;
carregados_rj_2026-09-22;2072148;8350592;;
carregados_rj_2026-09-22;2077125;8365448;1996.0;
carregados_rj_2026-09-22;2077125;8365449;1996.0;
carregados_rj_2026-09-22;1325943;8350276;1996.0;
carregados_rj_2026-09-22;9225;8352824;;
carregados_rj_2026-09-22;9225;8352825;;
carregados_rj_2026-09-22;8192;8348150;;
carregados_rj_2026-09-22;7731;8347732;;
carregados_rj_2026-09-22;2074608;8351192;1651.0;
carregados_rj_2026-09-22;356737;526449;;
carregados_rj_2026-09-22;8195;8353387;1617.0;
carregados_rj_2026-09-22;984890;1522630;88.0;
carregados_rj_2026-09-22;164832;242513;;
carregados_rj_2026-09-22;625489;8349760;1781.0;
carregados_rj_2026-09-22;356451;8358860;;
carregados_rj_2026-09-22;1090;8364747;;
carregados_rj_2026-09-22;5367;8346566;1781.0;
carregados_rj_2026-09-22;1132;8364772;;
carregados_rj_2026-09-22;1139513;8350120;1781.0;
carregados_rj_2026-09-22;4282;8345967;;
carregados_rj_2026-09-22;4999;8346357;1781.0;
carregados_rj_2026-09-22;5008;8346366;1781.0;
carregados_rj_2026-09-22;5010;8346368;1781.0;
carregados_rj_2026-09-22;10108;8349284;1781.0;
carregados_rj_2026-09-22;984888;8350031;;
carregados_rj_2026-09-22;4993;8346352;1781.0;
carregados_rj_2026-09-22;4292;8345969;;
carregados_rj_2026-09-22;5348;8346549;1781.0;
carregados_rj_2026-09-22;4122;8345887;;
carregados_rj_2026-09-22;8764;8348512;1781.0;
carregados_rj_2026-09-22;4269;8345954;;
carregados_rj_2026-09-22;1112;8364756;;
carregados_rj_2026-09-22;1089;8364745;;
carregados_rj_2026-09-22;5000;8346358;1781.0;
carregados_rj_2026-09-22;356454;526077;;
carregados_rj_2026-09-22;5006;8346365;1781.0;
carregados_rj_2026-09-22;625505;8349761;1781.0;
carregados_rj_2026-09-22;356447;526063;;
carregados_rj_2026-09-22;5552;8346663;1781.0;
carregados_rj_2026-09-22;1321483;2023785;88.0;7.0
carregados_rj_2026-09-22;4994;8346351;1781.0;
carregados_rj_2026-09-22;9587;8348970;1781.0;
carregados_rj_2026-09-22;10679;8358259;1651.0;
carregados_rj_2026-09-22;984905;8352074;1781.0;
carregados_rj_2026-09-22;5002;8346360;1781.0;
carregados_rj_2026-09-22;2074291;8351091;;
carregados_rj_2026-09-22;5554;8346666;1781.0;
carregados_rj_2026-09-22;356455;8349661;1781.0;
carregados_rj_2026-09-22;8997;8348678;1781.0;
carregados_rj_2026-09-22;848;8364604;1304.0;
carregados_rj_2026-09-22;4997;8346356;1781.0;
carregados_rj_2026-09-22;10671;8360470;1651.0;
carregados_rj_2026-09-22;984902;8350036;1781.0;
carregados_rj_2026-09-22;2076120;7752470;1781.0;6.0
carregados_rj_2026-09-22;5349;8346550;1781.0;
carregados_rj_2026-09-22;10118;8349292;1781.0;
carregados_rj_2026-09-22;5377;8346579;1781.0;
carregados_rj_2026-09-22;5382;8346583;1781.0;
carregados_rj_2026-09-22;356466;8349662;1781.0;
carregados_rj_2026-09-22;4248;8345946;88.0;
carregados_rj_2026-09-22;5385;8346585;1781.0;
carregados_rj_2026-09-22;2071915;8354331;1861.0;
carregados_rj_2026-09-22;2071915;8354332;1861.0;
carregados_rj_2026-09-22;625482;8349756;1781.0;
carregados_rj_2026-09-22;9227;8348802;;
carregados_rj_2026-09-22;2073674;8350982;;
carregados_rj_2026-09-22;2075262;8360118;1718.0;
carregados_rj_2026-09-22;625494;8355212;1781.0;
carregados_rj_2026-09-22;4995;8346354;1781.0;
carregados_rj_2026-09-22;10114;8349288;1781.0;
carregados_rj_2026-09-22;9015;8348695;1781.0;
carregados_rj_2026-09-22;4158;8345900;1781.0;
carregados_rj_2026-09-22;4157;8345899;1781.0;
carregados_rj_2026-09-22;5007;8346364;1781.0;
carregados_rj_2026-09-22;10764;8349514;1781.0;
carregados_rj_2026-09-22;4118;8345883;1781.0;
carregados_rj_2026-09-22;9415;8348884;1781.0;
carregados_rj_2026-09-22;10104;8349281;1781.0;
carregados_rj_2026-09-22;625506;8349762;1781.0;
carregados_rj_2026-09-22;10106;8349283;1781.0;
carregados_rj_2026-09-22;164815;8360028;;
carregados_rj_2026-09-22;1125;8364769;;
carregados_rj_2026-09-22;1124;8364768;88.0;
carregados_rj_2026-09-22;4250;8345947;;
carregados_rj_2026-09-22;1136;8364775;;
carregados_rj_2026-09-22;4254;8345949;;
carregados_rj_2026-09-22;5004;8346361;1781.0;
carregados_rj_2026-09-22;9216;8348794;1781.0;
carregados_rj_2026-09-22;984889;8351860;1781.0;
carregados_rj_2026-09-22;5358;8346557;1781.0;
carregados_rj_2026-09-22;5359;8346560;1781.0;
carregados_rj_2026-09-22;5361;8346561;1781.0;
carregados_rj_2026-09-22;5366;8346564;1781.0;
carregados_rj_2026-09-22;9009;8348689;1781.0;
carregados_rj_2026-09-22;5001;8346359;1781.0;
carregados_rj_2026-09-22;164838;8349581;1781.0;
carregados_rj_2026-09-22;5357;8346558;1781.0;
carregados_rj_2026-09-22;9217;8348796;1781.0;
carregados_rj_2026-09-22;625491;8358908;1781.0;
carregados_rj_2026-09-22;5375;8346574;1781.0;
carregados_rj_2026-09-22;4998;8346355;1781.0;
carregados_rj_2026-09-22;5384;8346584;1781.0;
carregados_rj_2026-09-22;4160;8345901;1781.0;
carregados_rj_2026-09-22;5364;8346563;1781.0;
carregados_rj_2026-09-22;1037;8358560;88.0;
carregados_rj_2026-09-22;1139503;8350117;1781.0;
carregados_rj_2026-09-22;5009;8346367;1781.0;
carregados_rj_2026-09-22;5378;8352519;1781.0;
carregados_rj_2026-09-22;5380;8346581;1781.0;
carregados_rj_2026-09-22;10110;8349287;1781.0;
carregados_rj_2026-09-22;5381;8346580;1781.0;
carregados_rj_2026-09-22;164837;8349580;1781.0;
carregados_rj_2026-09-22;5356;8346556;1781.0;
carregados_rj_2026-09-22;4123;8345886;1781.0;
carregados_rj_2026-09-22;4117;8345877;1781.0;
carregados_rj_2026-09-22;984892;8350033;;
carregados_rj_2026-09-22;4116;8345878;1781.0;
carregados_rj_2026-09-22;9589;8348973;1781.0;
carregados_rj_2026-09-22;2074952;6699057;;22.0
carregados_rj_2026-09-22;5267;8346506;1637.0;
carregados_rj_2026-09-22;7790;8357047;;
carregados_rj_2026-09-22;10761;8357123;1967.0;
carregados_rj_2026-09-22;10761;8357124;1967.0;
carregados_rj_2026-09-22;10761;8357125;1967.0;
carregados_rj_2026-09-22;6113;8346878;;
carregados_rj_2026-09-22;6113;8346879;;
carregados_rj_2026-09-22;2076990;8365243;;
carregados_rj_2026-09-22;563454;8349747;;
carregados_rj_2026-09-22;1053;8364713;1272.0;
carregados_rj_2026-09-22;1053;8364714;1272.0;
carregados_rj_2026-09-22;1053;8364715;1272.0;
carregados_rj_2026-09-22;2076448;8351670;;
carregados_rj_2026-09-22;2075863;8357229;;
carregados_rj_2026-09-22;1026;8359572;;
carregados_rj_2026-09-22;9223;8348800;;
carregados_rj_2026-09-22;2072469;8350662;;
carregados_rj_2026-09-22;9001;8348679;;
carregados_rj_2026-09-22;2074388;6094854;5109.0;7.0
carregados_rj_2026-09-22;2073975;5534263;;7.0
carregados_rj_2026-09-22;2073975;5534264;;7.0
carregados_rj_2026-09-22;9017;8348696;1272.0;
carregados_rj_2026-09-22;684532;1011835;1637.0;
carregados_rj_2026-09-22;884842;8357039;;
carregados_rj_2026-09-22;4311;8345979;1781.0;
carregados_rj_2026-09-22;7769;8347760;;
carregados_rj_2026-09-22;7769;8347761;;
carregados_rj_2026-09-22;4027;2766096;;
carregados_rj_2026-09-22;984899;2661390;88.0;
carregados_rj_2026-09-22;984899;2661391;88.0;
carregados_rj_2026-09-22;1243162;8355134;;
carregados_rj_2026-09-22;1066;2748008;;
carregados_rj_2026-09-22;2073768;5375441;99991.0;30.0
carregados_rj_2026-09-22;10760;8358270;;
carregados_rj_2026-09-22;4359;8346007;;
carregados_rj_2026-09-22;5351;8352518;1781.0;
carregados_rj_2026-09-22;10103;8349276;;
carregados_rj_2026-09-22;1043;8364698;;
carregados_rj_2026-09-22;1043;8364699;;
carregados_rj_2026-09-22;1043;8364700;;
carregados_rj_2026-09-22;2074641;8351210;;
carregados_rj_2026-09-22;9591;8348975;;
carregados_rj_2026-09-22;1095;8358588;;
carregados_rj_2026-09-22;1095;8358589;;
carregados_rj_2026-09-22;1095;8358590;;
carregados_rj_2026-09-22;836;8364599;;
carregados_rj_2026-09-22;836;8364600;;
carregados_rj_2026-09-22;9573;8348953;;
carregados_rj_2026-09-22;9893;8349176;1651.0;
carregados_rj_2026-09-22;940913;8349938;;
carregados_rj_2026-09-22;8645;8348455;;
carregados_rj_2026-09-22;1121;8364766;;
carregados_rj_2026-09-22;5360;8346559;1781.0;
carregados_rj_2026-09-22;8766;8358152;;
carregados_rj_2026-09-22;164835;242516;;
carregados_rj_2026-09-22;164836;242517;;
carregados_rj_2026-09-22;8711;8348491;;
carregados_rj_2026-09-22;9008;8348690;;
carregados_rj_2026-09-22;10109;8349285;;
carregados_rj_2026-09-22;5365;8346565;1781.0;
carregados_rj_2026-09-22;5821;8346760;1781.0;
carregados_rj_2026-09-22;10559;8349490;;
carregados_rj_2026-09-22;1062;8358245;;22.0
carregados_rj_2026-09-22;1081;8364741;88.0;
carregados_rj_2026-09-22;10790;8349515;;
carregados_rj_2026-09-22;10436;8349449;;
carregados_rj_2026-09-22;2076261;8357797;;
carregados_rj_2026-09-22;5524;8346651;;
carregados_rj_2026-09-22;4613;8346153;;
carregados_rj_2026-09-22;8999;8359611;1617.0;
carregados_rj_2026-09-22;408992;8358883;1617.0;
carregados_rj_2026-09-22;507030;8349721;1617.0;
carregados_rj_2026-09-22;5045;8346375;;
carregados_rj_2026-09-22;9966;8349206;;
carregados_rj_2026-09-22;9000;8348680;1781.0;
carregados_rj_2026-09-22;4120;8345884;;
carregados_rj_2026-09-22;1370749;8350311;;
carregados_rj_2026-09-22;9007;8348685;;
carregados_rj_2026-09-22;9010;8348693;;
carregados_rj_2026-09-22;9010;8348694;;
carregados_rj_2026-09-22;9011;8348691;;
carregados_rj_2026-09-22;9011;8348692;;
carregados_rj_2026-09-22;10763;8349513;;
carregados_rj_2026-09-22;356467;8358893;;
carregados_rj_2026-09-22;4293;8345970;;
carregados_rj_2026-09-22;4346;8345998;;
carregados_rj_2026-09-22;625484;8349758;;
carregados_rj_2026-09-22;8996;8360301;;
carregados_rj_2026-09-22;1035609;8350089;;
carregados_rj_2026-09-22;9411;8348881;;
carregados_rj_2026-09-22;625481;8357949;;
carregados_rj_2026-09-22;10105;8349277;;
carregados_rj_2026-09-22;1139523;8350125;;
carregados_rj_2026-09-22;8193;8348152;;
carregados_rj_2026-09-22;9003;8348682;;
carregados_rj_2026-09-22;356449;8349650;;
carregados_rj_2026-09-22;1100;8352219;;
carregados_rj_2026-09-22;625485;8357956;;
carregados_rj_2026-09-22;10052;8349251;;
carregados_rj_2026-09-22;10054;8349254;;
carregados_rj_2026-09-22;9002;8348681;;
carregados_rj_2026-09-22;1035614;8359010;;
carregados_rj_2026-09-22;1461705;8356812;;
carregados_rj_2026-09-22;625479;8349757;;
carregados_rj_2026-09-22;298993;8359005;;
carregados_rj_2026-09-22;9219;8348797;;
carregados_rj_2026-09-22;940910;8349939;;
carregados_rj_2026-09-22;1048;8364704;;
carregados_rj_2026-09-22;514362;8349737;;
carregados_rj_2026-09-22;625483;8349759;1781.0;
carregados_rj_2026-09-22;663905;2824274;88.0;
carregados_rj_2026-09-22;2072788;8356274;;
carregados_rj_2026-09-22;8765;8348514;1781.0;
carregados_rj_2026-09-22;2073223;8358541;;
carregados_rj_2026-09-22;9218;8348795;1781.0;
carregados_rj_2026-09-22;9005;8348683;;
carregados_rj_2026-09-22;10107;8349282;1781.0;
carregados_rj_2026-09-22;1070;8364728;;
carregados_rj_2026-09-22;4036;8345818;;
carregados_rj_2026-09-22;5180;8346458;;
carregados_rj_2026-09-22;8986;8348660;;
carregados_rj_2026-09-22;356478;8349663;;
carregados_rj_2026-09-22;5822;8346761;1781.0;
carregados_rj_2026-09-22;782983;8349847;;
carregados_rj_2026-09-22;663883;981157;88.0;
carregados_rj_2026-09-22;10448;8352169;;
carregados_rj_2026-09-22;1194742;8350223;;
carregados_rj_2026-09-22;625508;8349763;1651.0;
carregados_rj_2026-09-22;9214;8348793;;
carregados_rj_2026-09-22;984886;1522625;88.0;
carregados_rj_2026-09-22;984886;5390618;88.0;
carregados_rj_2026-09-22;2072908;4249698;5043.0;30.0
carregados_rj_2026-09-22;1102;8364752;88.0;
carregados_rj_2026-09-22;9588;8348972;1781.0;
carregados_rj_2026-09-22;10117;8349289;1781.0;
carregados_rj_2026-09-22;2075218;6916305;;120.0
carregados_rj_2026-09-22;2075715;8351515;;
carregados_rj_2026-09-22;7788;8347774;;
carregados_rj_2026-09-22;6262;8346982;1651.0;
carregados_rj_2026-09-22;409079;8355988;1734.0;
carregados_rj_2026-09-22;409079;8355989;;
carregados_rj_2026-09-22;2072117;3480589;1617.0;7.0
carregados_rj_2026-09-22;4337;8345991;;
carregados_rj_2026-09-22;5508;8346646;;
carregados_rj_2026-09-22;797;8364568;;
carregados_rj_2026-09-22;797;8364569;;
carregados_rj_2026-09-22;4108;8345868;;
carregados_rj_2026-09-22;8185;8348147;;
carregados_rj_2026-09-22;5368;8346567;1781.0;
carregados_rj_2026-09-22;4168;8352237;;
carregados_rj_2026-09-22;782966;8349844;;
carregados_rj_2026-09-22;2075981;7626635;99991.0;7.0
carregados_rj_2026-09-22;9967;8349205;;
carregados_rj_2026-09-22;9116;8348760;;
carregados_rj_2026-09-22;4990;8346347;1781.0;
carregados_rj_2026-09-22;5553;8346664;1781.0;
carregados_rj_2026-09-22;9006;8348684;;
carregados_rj_2026-09-22;625492;8352173;;
carregados_rj_2026-09-22;2072254;8354288;1665.0;
carregados_rj_2026-09-22;4375;8346019;;
carregados_rj_2026-09-22;2073304;8353406;1665.0;
carregados_rj_2026-09-22;5499;8346641;;
carregados_rj_2026-09-22;2073792;8351016;;
carregados_rj_2026-09-22;10873;8358285;1273.0;
carregados_rj_2026-09-22;164839;8349582;1273.0;
carregados_rj_2026-09-22;164839;8349583;1273.0;
carregados_rj_2026-09-22;1243178;8360324;1273.0;
carregados_rj_2026-09-22;1243178;8360325;1273.0;
