cidade;publicos;conectores;locais;precos_informados;precos_ausentes;energia_gratuita;precos_pagos;media_inclui_zero;mediana_inclui_zero;media_pagos;p25_pagos;mediana_pagos;p75_pagos;maximo
rio de janeiro;200;815;449;107;342;6;101;2.0023286604364485;2.07;2.1212788778881193;1.9;2.07;2.47;5.0
niterói;24;48;29;13;16;1;12;2.0353846153846153;2.19;2.2049999999999996;1.9975;2.3449999999999998;2.5;3.0
macaé;17;35;21;10;11;0;10;2.3;2.5;2.3;2.025;2.5;2.5;2.5
angra dos reis;14;30;20;9;11;1;8;2.109191919191919;2.07;2.3728409090909093;1.9949999999999999;2.135;2.75;4.0
petrópolis;12;30;18;8;10;0;8;2.75;2.5;2.75;2.475;2.5;3.0;4.0
paraty;7;22;17;5;12;1;4;1.94;2.5;2.425;2.025;2.55;2.95;4.0
campos dos goytacazes;12;29;17;8;9;0;8;2.4987500000000002;2.5;2.4987500000000002;2.3675;2.5;2.5;4.0
rio das ostras;12;31;16;9;7;1;8;1.9000000000000001;2.0;2.1375;1.975;2.05;2.2750000000000004;2.5
itatiaia;4;25;16;4;12;1;3;2.3475;2.195;3.1300000000000003;2.195;2.59;3.795;5.0
búzios;10;21;16;6;10;1;5;1.8166666666666667;2.0;2.18;2.0;2.0;2.5;2.5
teresópolis;10;21;16;5;11;1;4;2.028;2.5;2.535;2.3725;2.575;2.7375;3.0
cabo frio;8;24;13;10;3;0;10;2.357;2.5;2.357;2.5;2.5;2.5;2.5
são gonçalo;9;29;11;7;4;0;7;2.1;2.19;2.1;2.005;2.19;2.5;2.5
nova friburgo;8;13;9;2;7;0;2;2.7;2.7;2.7;2.6;2.7;2.8;2.9
nova iguaçu;7;13;9;4;5;1;3;1.7475;1.845;2.33;1.845;2.09;2.695;3.3
barra mansa;6;15;8;5;3;0;5;2.7359999999999998;2.49;2.7359999999999998;2.49;2.49;2.5;4.0
resende;6;18;8;4;4;0;4;2.57;2.65;2.57;2.2975;2.65;2.9225;2.99
duque de caxias;8;12;8;3;5;0;3;2.356666666666667;2.5;2.356666666666667;2.285;2.5;2.5;2.5
armação dos búzios;3;9;7;3;4;0;3;1.8099999999999998;1.77;1.8099999999999998;1.6800000000000002;1.77;1.92;2.07
saquarema;6;12;6;3;3;0;3;2.2466666666666666;2.25;2.2466666666666666;2.12;2.25;2.375;2.5
são pedro da aldeia;6;11;6;4;2;0;4;2.7;2.7;2.7;2.5;2.7;2.9;2.9
mangaratiba;3;7;6;3;3;0;3;2.19;2.0;2.19;2.0;2.0;2.285;2.57
seropédica;5;8;5;4;1;3;1;0.625;0.0;2.5;2.5;2.5;2.5;2.5
são joão de meriti;4;10;5;1;4;0;1;2.9;2.9;2.9;2.9;2.9;2.9;2.9
maricá;5;9;5;2;3;1;1;1.25;1.25;2.5;2.5;2.5;2.5;2.5
volta redonda;5;10;5;4;1;0;4;1.6425;2.035;1.6425;1.575;2.035;2.1025;2.2
guapimirim;4;6;5;3;2;1;2;1.5999999999999999;1.8;2.4;2.1;2.4;2.7;3.0
itaperuna;3;9;5;3;2;0;3;2.6666666666666665;2.5;2.6666666666666665;2.5;2.5;2.75;3.0
valença;1;6;4;2;2;0;2;2.125;2.125;2.125;2.0625;2.125;2.1875;2.25
sapucaia;4;6;4;3;1;0;3;2.566666666666667;2.5;2.566666666666667;2.5;2.5;2.6;2.7
piraí;3;7;4;3;1;0;3;2.8366666666666664;2.67;2.8366666666666664;2.63;2.67;2.96;3.25
miguel pereira;4;5;4;1;3;0;1;3.88;3.88;3.88;3.88;3.88;3.88;3.88
araruama;2;7;4;1;3;0;1;2.5;2.5;2.5;2.5;2.5;2.5;2.5
magé;1;4;4;1;3;0;1;2.07;2.07;2.07;2.07;2.07;2.07;2.07
itaguaí;2;6;3;2;1;0;2;2.65;2.65;2.65;2.575;2.65;2.7249999999999996;2.8
paracambi;3;4;3;0;3;0;0;;;;;;;
itaboraí;3;5;3;2;1;0;2;2.525;2.525;2.525;2.2625;2.525;2.7874999999999996;3.05
barra do piraí;2;3;3;0;3;0;0;;;;;;;
arraial do cabo;1;3;3;0;3;0;0;;;;;;;
carapebus;2;3;2;1;1;0;1;2.5;2.5;2.5;2.5;2.5;2.5;2.5
paraíba do sul;1;2;2;1;1;0;1;2.2;2.2;2.2;2.2;2.2;2.2;2.2
tanguá;2;3;2;2;0;0;2;2.74;2.74;2.74;2.62;2.74;2.86;2.98
casimiro de abreu;1;3;2;0;2;0;0;;;;;;;
mendes;2;2;2;1;1;0;1;2.5;2.5;2.5;2.5;2.5;2.5;2.5
três rios;0;2;2;0;2;0;0;;;;;;;
vassouras;1;2;2;1;1;0;1;2.79;2.79;2.79;2.79;2.79;2.79;2.79
são francisco de itabapoana;2;2;2;1;1;0;1;2.0;2.0;2.0;2.0;2.0;2.0;2.0
são joão da barra;2;2;2;0;2;0;0;;;;;;;
porto real;1;2;2;0;2;0;0;;;;;;;
queimados;2;3;2;1;1;0;1;2.0;2.0;2.0;2.0;2.0;2.0;2.0
bom jesus do itabapoana;1;1;1;0;1;0;0;;;;;;;
belford roxo;1;1;1;1;0;0;1;2.09;2.09;2.09;2.09;2.09;2.09;2.09
cordeiro;1;1;1;0;1;0;0;;;;;;;
carmo;0;1;1;0;1;0;0;;;;;;;
engenheiro paulo de frontin;0;1;1;0;1;0;0;;;;;;;
cantagalo;0;1;1;1;0;1;0;0.0;0.0;;;;;0.0
rio bonito;1;4;1;1;0;0;1;2.59;2.59;2.59;2.59;2.59;2.59;2.59
rio claro;1;1;1;0;1;0;0;;;;;;;
silva jardim;1;4;1;1;0;0;1;2.9;2.9;2.9;2.9;2.9;2.9;2.9
santo antônio de pádua;1;1;1;0;1;0;0;;;;;;;
